#{"t_start": 1649777453.7593627, "env_id": "PandaReachJoints-v2"}
r,l,t,is_success
-716.962207,50,1.238519,0.0
-1680.198249,50,1.963909,0.0
-1045.162872,50,3.130842,0.0
-1031.475192,50,4.321403,0.0
-1301.005649,50,5.486079,0.0
-1051.737842,50,6.666575,0.0
-1042.441775,50,7.843425,0.0
