#{"t_start": 1649777453.8365793, "env_id": "PandaReachJoints-v2"}
r,l,t,is_success
-1040.393737,50,1.163634,0.0
-1879.708906,50,1.888628,0.0
-864.769483,50,3.058888,0.0
-506.29753,50,4.247863,0.0
-1432.680513,50,5.414167,0.0
-957.640383,50,6.592543,0.0
-446.701061,50,7.769415,0.0
