#{"t_start": 1649777453.911917, "env_id": "PandaReachJoints-v2"}
r,l,t,is_success
-1312.601031,50,1.090459,0.0
-2064.31784,50,1.81558,0.0
-704.244888,50,2.988414,0.0
-1374.69518,50,4.175752,0.0
-816.615366,50,5.342094,0.0
-1381.338744,50,6.520493,0.0
-671.755378,50,7.697496,0.0
