#{"t_start": 1649777453.9857519, "env_id": "PandaReachJoints-v2"}
r,l,t,is_success
-1093.568244,50,1.019009,0.0
-871.234978,50,1.743957,0.0
-1597.228717,50,2.919186,0.0
-1693.350548,50,4.10542,0.0
-476.65097,50,5.272267,0.0
-1053.405447,50,6.450189,0.0
-1128.592462,50,7.627471,0.0
