#{"t_start": 1649777454.2092135, "env_id": "PandaReachJoints-v2"}
r,l,t,is_success
-1295.956945,50,0.803427,0.0
-1371.149971,50,1.526646,0.0
-961.234469,50,2.70821,0.0
-1216.703539,50,3.89271,0.0
-1549.998338,50,5.059128,0.0
-897.804508,50,6.238006,0.0
-624.724561,50,7.413934,0.0
