#{"t_start": 1649777454.2853549, "env_id": "PandaReachJoints-v2"}
r,l,t,is_success
-786.10873,50,0.730282,0.0
-804.860155,50,1.452329,0.0
-1214.58647,50,2.63604,0.0
-736.655582,50,3.819997,0.0
-2736.011406,50,4.98612,0.0
-791.102004,50,6.165043,0.0
-1212.451351,50,7.34158,0.0
